{
  "total_predictions": 3,
  "total_results": 3,
  "matches_with_results": 3,
  "brier_scores": [
    0.16810000000000003,
    0.16810000000000003,
    0.1296
  ],
  "rps_scores": [],
  "weighted_rps": [],
  "by_round": {
    "Ro32": {
      "count": 3,
      "brier_sum": 0.46580000000000005,
      "rps_sum": 0,
      "mean_brier": 0.1552666666666667,
      "mean_rps": 0
    }
  },
  "by_component": {
    "elo": {
      "correct": 3,
      "total": 3,
      "brier_sum": 0.2045,
      "accuracy": 1.0,
      "mean_brier": 0.06816666666666667
    },
    "xg": {
      "correct": 3,
      "total": 3,
      "brier_sum": 0.3669,
      "accuracy": 1.0,
      "mean_brier": 0.1223
    },
    "form": {
      "correct": 3,
      "total": 3,
      "brier_sum": 0.5661999999999999,
      "accuracy": 1.0,
      "mean_brier": 0.1887333333333333
    },
    "h2h": {
      "correct": 0,
      "total": 3,
      "brier_sum": 0.75,
      "accuracy": 0.0,
      "mean_brier": 0.25
    },
    "injury": {
      "correct": 0,
      "total": 3,
      "brier_sum": 0.8136000000000001,
      "accuracy": 0.0,
      "mean_brier": 0.27120000000000005
    }
  },
  "mean_brier": 0.1552666666666667,
  "skill_pct": 37.893333333333324
}